site_id,n_total,n_train,n_val,n_test,best_epoch,epochs_trained,accuracy,accuracy_within_2,R2,MAE_visibility,RMSE_visibility,train_loss,val_loss,test_loss,epoch
SITE4,28,15,1,12,60,60,0.0,0.5833333134651184,-1.75,2.3333332538604736,2.708012819290161,0.35988563299179077,0.006237444467842579,6.012322902679443,60
SITE5,40,19,5,16,1,16,0.1875,0.5625,-1.251082181930542,2.25,2.8504385948181152,2.1207220554351807,2.2000348567962646,2.1370387077331543,1
SITE6,47,29,9,9,2,17,0.1111111119389534,0.6666666865348816,0.44919174909591675,1.8888888359069824,2.4267032146453857,1.8589807152748108,1.9409081935882568,1.972084879875183,2
SITE7,129,75,17,37,1,16,0.18918919563293457,0.5945945978164673,-0.29175007343292236,2.270270347595215,2.9131574630737305,1.9687666416168212,1.805175542831421,2.0690959294637046,1
SITE8,57,36,6,15,1,16,0.20000000298023224,0.7333333492279053,-0.22983872890472412,1.5333333015441895,2.0165977478027344,1.913740595181783,2.4373998641967773,1.8300657272338867,1
SITE10,58,33,7,18,11,26,0.1111111119389534,0.5555555820465088,-0.40856027603149414,2.5,3.1710495948791504,1.644879976908366,2.12640380859375,1.925354540348053,11
SITE11,27,15,5,7,1,16,0.4285714328289032,0.5714285969734192,-0.649038553237915,1.8571428060531616,2.6457512378692627,1.8766332864761353,2.252352237701416,1.8315564393997192,1
SITE12,60,35,8,17,7,22,0.05882352963089943,0.529411792755127,-1.1531190872192383,2.3529412746429443,2.8075528144836426,1.0807702541351318,1.6418319940567017,1.5119436606764793,7
SITE13,133,81,16,36,1,16,0.2222222238779068,0.5833333134651184,-0.9756510257720947,2.305555582046509,2.8528738021850586,1.8554918964703877,1.9133754968643188,1.9270121256510417,1
SITE14,34,24,4,6,1,16,0.1666666716337204,0.5,-1.3333332538604736,2.3333332538604736,2.6457512378692627,1.8678622841835022,2.262688159942627,2.0036568641662598,1
SITE15,74,46,10,18,2,17,0.2777777910232544,0.7222222089767456,0.2475883960723877,1.7222222089767456,2.2484562397003174,2.0906955798467,1.990173578262329,1.7883872985839844,2
SITE17,77,44,6,27,5,20,0.3333333432674408,0.8148148059844971,0.4304687976837158,1.3333333730697632,2.0,1.9662527243296306,1.8135579824447632,1.968882441520691,5
SITE18,82,49,9,24,5,20,0.25,0.75,0.33783382177352905,1.5,1.9790570735931396,1.4421155750751495,1.0596939325332642,1.7612606287002563,5
SITE19,198,124,27,47,2,17,0.27659574151039124,0.8085106611251831,0.16347205638885498,1.4255318641662598,2.036893844604492,1.6709799766540527,1.5239011645317078,1.7989357312520344,2
SITE20,33,16,5,12,1,16,0.25,0.75,0.2314050793647766,1.6666666269302368,2.2730302810668945,2.1966476440429688,2.0470244884490967,1.8905853033065796,1
SITE21,61,40,8,13,1,16,0.38461539149284363,0.692307710647583,-0.07298779487609863,1.923076868057251,3.0508511066436768,1.644894003868103,1.9355385303497314,1.9995272159576416,1
SITE22,281,172,46,63,11,26,0.460317462682724,0.9682539701461792,0.46845191717147827,0.8253968358039856,1.2084360122680664,1.017542297189886,1.2601871887842815,1.91169273853302,11
SITE24,37,21,6,10,1,16,0.30000001192092896,0.5,-1.633333444595337,2.0999999046325684,2.8106939792633057,2.013108491897583,2.4392528533935547,1.85626220703125,1
SITE25,100,59,16,25,6,21,0.07999999821186066,0.7200000286102295,-0.15686273574829102,1.840000033378601,2.172556161880493,1.8339985311031342,2.00229811668396,2.0398443937301636,6
SITE26,57,37,4,16,1,16,0.375,0.6875,0.5144927501678467,1.4375,2.0463380813598633,1.9359104235967,2.095431089401245,1.8060402870178223,1
SITE29,59,32,9,18,4,19,0.1666666716337204,0.6111111044883728,-1.0112297534942627,2.5,3.3249895572662354,1.7358907461166382,2.0762779712677,2.0356112718582153,4
SITE30,45,22,6,17,2,17,0.1764705926179886,0.5882353186607361,-0.32185041904449463,2.2352941036224365,3.0486254692077637,1.6646689176559448,1.756888747215271,2.0209661722183228,2
SITE33,76,41,9,26,13,28,0.1538461595773697,0.6538461446762085,-0.32251083850860596,2.153846263885498,2.689008951187134,1.0178583264350891,1.7032663822174072,2.777583599090576,13
SITE35,25,15,2,8,18,33,0.625,1.0,0.8150289058685303,0.75,1.2247449159622192,0.9389556050300598,0.6141695976257324,1.0986641645431519,18
SITE36,29,17,3,9,6,21,0.4444444477558136,0.5555555820465088,-0.529676079750061,3.0,4.582575798034668,2.29567551612854,2.0652689933776855,2.0950868129730225,6
SITE40,95,57,13,25,2,17,0.2800000011920929,0.6399999856948853,-0.728826642036438,2.0,2.668332815170288,1.8716689944267273,1.9625717401504517,2.0268927812576294,2
SITE41,132,72,25,35,2,17,0.2571428716182709,0.5714285969734192,-0.9966833591461182,2.2857143878936768,3.1350553035736084,1.9821033477783203,1.9978150129318237,1.98371688524882,2
SITE42,36,22,4,10,10,25,0.30000001192092896,0.5,-4.1674652099609375,2.5999999046325684,3.2863354682922363,1.115708351135254,0.6996158957481384,2.2842042446136475,10
SITE43,73,43,9,21,1,16,0.095238097012043,0.380952388048172,-2.2708141803741455,3.3809523582458496,3.982102870941162,2.226237495740255,2.358289957046509,2.1967488527297974,1
SITE45,86,46,10,30,1,16,0.20000000298023224,0.6666666865348816,-0.5541220903396606,2.2333333492279053,2.926886796951294,2.000448783238729,2.372175693511963,2.03761225938797,1
SITE48,56,30,8,18,8,23,0.2777777910232544,0.8888888955116272,0.4504607915878296,1.3888888359069824,1.7159383296966553,1.6460368037223816,2.0376977920532227,1.6763705015182495,8
SITE49,33,21,5,7,1,16,0.2857142984867096,0.7142857313156128,-2.292079448699951,2.4285714626312256,3.6839418411254883,2.234378457069397,2.1820340156555176,2.199712038040161,1
SITE50,32,17,2,13,38,53,0.38461539149284363,0.6153846383094788,0.17543858289718628,1.8461538553237915,2.689008951187134,0.3569108977098949,0.053107328712940216,1.3078676462173462,38
SITE53,53,30,6,17,1,16,0.3529411852359772,0.5882353186607361,0.10188668966293335,1.6470588445663452,2.2228755950927734,1.951931118965149,2.1521413326263428,2.0419334173202515,1
SITE58,79,44,11,24,1,16,0.125,0.5833333134651184,-0.46632564067840576,2.4583332538604736,2.9930474758148193,2.160872141520182,2.4702515602111816,2.222750663757324,1
SITE59,43,21,7,15,1,16,0.3333333432674408,0.46666666865348816,-1.4033668041229248,3.0,4.139243125915527,2.170146346092224,2.0351479053497314,1.964064598083496,1
SITE65,41,26,7,8,1,16,0.25,0.875,0.3709677457809448,1.625,2.207940101623535,2.184167504310608,2.703434467315674,1.84979248046875,1
SITE66,36,20,7,9,11,26,0.1111111119389534,0.3333333432674408,-1.0769226551055908,2.8888888359069824,3.265986442565918,1.8656649589538574,2.19289493560791,2.163224220275879,11
SITE73,71,43,10,18,1,16,0.5555555820465088,0.8333333134651184,0.49468088150024414,1.1666666269302368,2.2973413467407227,2.1391303539276123,1.6486198902130127,1.3939663171768188,1
SITE75,48,25,8,15,1,16,0.13333334028720856,0.46666666865348816,-1.9434850215911865,3.200000047683716,4.082482814788818,1.8579220175743103,1.834704041481018,2.1739258766174316,1
SITE76,26,14,3,9,1,16,0.0,0.1111111119389534,-2.3113205432891846,5.888888835906982,6.244997978210449,1.9638068675994873,2.057796001434326,2.9684975147247314,1
SITE78,36,25,4,7,1,16,0.1428571492433548,0.7142857313156128,-0.24926257133483887,2.7142856121063232,4.157609462738037,1.7464693188667297,2.1387076377868652,2.2053537368774414,1
SITE80,26,17,2,7,11,26,0.4285714328289032,0.7142857313156128,0.7007434964179993,1.2857142686843872,1.8126540184020996,0.5666846698150039,1.7224503755569458,1.635881781578064,11
SITE81,36,21,3,12,4,19,0.5833333134651184,1.0,0.746568113565445,0.8333333134651184,1.29099440574646,1.9751899242401123,2.0662660598754883,1.5167258977890015,4
SITE84,61,36,5,20,16,31,0.10000000149011612,0.800000011920929,-0.25435543060302734,1.7000000476837158,2.1213202476501465,1.1268445054690044,1.2668348550796509,2.9407182931900024,16
SITE86,34,25,2,7,1,16,0.1428571492433548,0.8571428656578064,-1.1000001430511475,2.142857074737549,3.273268461227417,1.8746080994606018,2.3050079345703125,2.2068610191345215,1
SITE94,81,48,8,25,2,17,0.36000001430511475,0.6000000238418579,-0.2692307233810425,1.9199999570846558,2.8142495155334473,1.899444619814555,1.960957407951355,1.947372555732727,2
SITE95,23,16,3,4,23,38,0.5,0.5,-7.0,3.0,4.242640495300293,0.4279341697692871,0.9549993276596069,3.1003355979919434,23
SITE96,21,12,1,8,12,27,0.625,0.625,0.10000002384185791,1.125,1.837117314338684,1.2286131381988525,1.648993730545044,1.323523998260498,12
SITE97,25,18,2,5,23,38,1.0,1.0,1.0,0.0,0.0,0.5472264736890793,0.17851173877716064,0.16062311828136444,23
SITE98,78,51,10,17,1,16,0.23529411852359772,0.6470588445663452,0.13402575254440308,1.941176414489746,2.461467742919922,2.106261372566223,2.391390323638916,3.0253093242645264,1
SITE104,48,29,6,13,11,26,0.23076923191547394,0.8461538553237915,0.332589328289032,1.384615421295166,1.881079912185669,1.2197481989860535,1.6642374992370605,1.6369664669036865,11
SITE106,52,28,7,17,1,16,0.1764705926179886,0.7647058963775635,-0.07716453075408936,1.8235293626785278,2.437452793121338,1.8768205046653748,2.451995372772217,1.8495489358901978,1
SITE111,55,31,8,16,20,35,0.125,0.375,-2.319444417953491,3.1875,3.8649063110351562,0.8277324736118317,1.5536284446716309,2.9717445373535156,20
SITE115,67,32,10,25,1,16,0.20000000298023224,0.800000011920929,-0.041666626930236816,1.7200000286102295,2.2715632915496826,1.9368828535079956,2.0848886966705322,1.979229748249054,1
SITE116,55,35,7,13,1,16,0.3076923191547394,0.692307710647583,0.32034212350845337,1.4615384340286255,2.0568833351135254,1.8477665185928345,2.349238634109497,1.9101642370224,1
SITE117,105,60,16,29,1,16,0.27586206793785095,0.6206896305084229,-0.6058112382888794,2.0,2.6392266750335693,1.9734520614147186,2.1968472003936768,2.01528000831604,1
SITE119,41,24,7,10,3,18,0.20000000298023224,0.5,-1.622950792312622,3.0,3.7947330474853516,1.8793584108352661,2.4387502670288086,2.0510916709899902,3
SITE125,27,19,5,3,1,16,0.0,0.6666666865348816,-0.6530611515045166,3.3333332538604736,4.242640495300293,2.091480255126953,1.968571662902832,2.7172040939331055,1
SITE127,60,31,10,19,1,16,0.31578946113586426,0.7368420958518982,-0.4539130926132202,1.5789474248886108,2.1521103382110596,2.2348448038101196,2.295053720474243,1.9808281660079956,1
SITE128,71,36,10,25,11,26,0.23999999463558197,0.6399999856948853,-1.1319444179534912,2.440000057220459,3.5042829513549805,1.8666272560755413,2.071906805038452,2.2119566202163696,11
SITE129,59,30,6,23,1,16,0.08695652335882187,0.5652173757553101,-0.8157894611358643,2.4782607555389404,3.169144630432129,2.234329581260681,2.2518062591552734,2.152461051940918,1
SITE132,34,20,2,12,1,16,0.1666666716337204,0.8333333134651184,-0.3842557668685913,2.3333332538604736,3.5118844509124756,2.001132607460022,2.8224167823791504,2.0119214057922363,1
SITE134,26,18,3,5,15,30,0.4000000059604645,0.6000000238418579,-1.0212767124176025,2.0,2.756809711456299,1.4443609714508057,1.1110608577728271,2.8130595684051514,15
SITE156,72,41,9,22,1,16,0.3636363744735718,0.7727272510528564,0.41097724437713623,1.3636363744735718,1.9069252014160156,2.0618189175923667,2.0260860919952393,1.9238227605819702,1
SITE160,34,18,6,10,1,16,0.10000000149011612,0.6000000238418579,-1.938596487045288,2.5999999046325684,3.6606009006500244,1.8887510299682617,1.9758131504058838,2.054412841796875,1
SITE161,56,29,9,18,13,28,0.3333333432674408,0.5555555820465088,-0.3092672824859619,1.9444444179534912,2.7386128902435303,1.1395788192749023,1.8530030250549316,2.3038769364356995,13
SITE165,31,13,6,12,3,18,0.0833333358168602,0.25,-3.9870128631591797,5.0,5.656854152679443,2.259960651397705,2.235222816467285,2.374528646469116,3
SITE167,38,21,4,13,2,17,0.3076923191547394,0.5384615659713745,-1.428074598312378,2.538461446762085,3.5191781520843506,1.7149049639701843,2.1550192832946777,1.9242959022521973,2
SITE168,39,17,7,15,2,17,0.3333333432674408,0.7333333492279053,0.2793842554092407,1.9333332777023315,2.6204326152801514,1.4972789287567139,2.134211778640747,1.5425342321395874,2
SITE169,53,30,8,15,2,17,0.06666667014360428,0.4000000059604645,-2.6640212535858154,3.5333333015441895,4.297286033630371,1.9449345469474792,1.5996489524841309,2.2517666816711426,2
SITE171,48,22,9,17,1,16,0.23529411852359772,0.6470588445663452,-0.6688241958618164,2.3529412746429443,3.271984338760376,2.2730908393859863,1.90323007106781,1.994649052619934,1
SITE178,41,23,7,11,1,16,0.0,0.7272727489471436,-1.491452932357788,2.7272727489471436,3.1042492389678955,2.16953444480896,2.320162773132324,2.0767478942871094,1
SITE179,109,59,18,32,1,16,0.25,0.53125,-1.2040815353393555,2.75,3.674234628677368,2.179332137107849,2.4310288429260254,2.073120951652527,1
SITE186,78,45,9,24,2,17,0.375,0.6666666865348816,0.0502128005027771,1.9166666269302368,2.7838821411132812,1.909531831741333,2.0774216651916504,1.9979535341262817,2
SITE193,55,31,5,19,16,31,0.3684210479259491,0.8421052694320679,0.6114519238471985,1.3684210777282715,1.7770466804504395,1.5024815201759338,1.1342426538467407,2.285139560699463,16
SITE194,80,41,12,27,13,28,0.2222222238779068,0.5925925970077515,-0.3809390068054199,2.0370371341705322,2.6034164428710938,1.6560891071955364,1.3623311519622803,2.3755638003349304,13
SITE198,56,29,6,21,1,16,0.380952388048172,0.7142857313156128,-0.943539023399353,1.7619047164916992,2.7516229152679443,1.6557314991950989,2.5444583892822266,1.7999629974365234,1
SITE203,143,87,16,40,12,27,0.3499999940395355,0.824999988079071,0.5257951021194458,1.375,1.9039433002471924,1.3349342743555705,1.5588493347167969,1.5354401270548503,12
SITE205,89,50,13,26,1,16,0.23076923191547394,0.692307710647583,-0.11347687244415283,1.9615384340286255,2.6091554164886475,2.058489590883255,2.1727497577667236,2.0062090158462524,1
SITE207,46,25,6,15,15,30,0.2666666805744171,0.8666666746139526,-2.9000003337860107,1.3333333730697632,1.86189866065979,1.119249939918518,1.704951286315918,1.5946844816207886,15
SITE208,52,28,6,18,4,19,0.1666666716337204,0.6111111044883728,-1.173419713973999,3.1111111640930176,4.068851947784424,1.5894636511802673,2.2579257488250732,2.14717698097229,4
SITE209,25,16,2,7,1,16,0.2857142984867096,0.7142857313156128,-2.165217399597168,2.5714285373687744,3.854496479034424,2.163135528564453,2.067248821258545,2.124744415283203,1
SITE212,27,17,4,6,1,16,0.0,0.3333333432674408,-4.76237678527832,3.5,4.020779132843018,2.6731988191604614,2.4956936836242676,2.7215514183044434,1
SITE215,143,88,22,33,6,21,0.39393940567970276,0.6363636255264282,-0.030321121215820312,1.7575757503509521,2.5105836391448975,1.4945856928825378,1.1330573558807373,2.788378198941549,6
SITE217,60,32,8,20,1,16,0.44999998807907104,0.75,0.2932082414627075,1.2000000476837158,1.7888543605804443,2.1018331050872803,2.1146304607391357,1.5333034992218018,1
SITE219,60,36,8,16,3,18,0.25,0.625,-0.058823585510253906,2.0,2.8062429428100586,1.731821854909261,1.956205129623413,1.7818490266799927,3
SITE229,51,28,6,17,8,23,0.11764705926179886,0.7058823704719543,0.04591834545135498,2.058823585510254,2.413198947906494,1.9652596712112427,2.4185266494750977,1.9548331499099731,8
SITE230,35,23,4,8,1,16,0.5,1.0,0.9620853066444397,0.5,0.7071067690849304,1.7955471277236938,1.9849464893341064,1.4776642322540283,1
SITE231,29,21,4,4,1,16,0.25,1.0,0.3333333134651184,1.5,1.7320507764816284,2.249698758125305,2.078500747680664,1.7378026247024536,1
SITE234,41,28,4,9,29,44,0.3333333432674408,0.7777777910232544,-1.2959182262420654,1.2222222089767456,1.6666666269302368,1.1558589339256287,1.4575151205062866,1.6878151893615723,29
SITE239,56,32,8,16,1,16,0.1875,0.625,-0.5145368576049805,2.25,2.9580399990081787,2.2120249271392822,2.234952449798584,1.7965494394302368,1
SITE240,51,28,7,16,2,17,0.3125,0.6875,-0.24950361251831055,1.875,2.7156951427459717,1.8871510028839111,2.0902843475341797,1.7529970407485962,2
SITE241,103,59,15,29,5,20,0.37931033968925476,0.5862069129943848,0.12879514694213867,1.7931034564971924,2.546126127243042,1.62913978099823,1.772348165512085,2.0434072613716125,5
SITE244,42,23,7,12,1,16,0.4166666567325592,0.75,0.5700637102127075,1.25,1.9364917278289795,1.7621404528617859,2.0258727073669434,1.8666491508483887,1
SITE245,50,31,5,14,25,40,0.1428571492433548,0.5714285969734192,-0.5211071968078613,2.642857074737549,3.348773717880249,0.9493753612041473,1.5163334608078003,2.972727060317993,25
SITE251,43,21,5,17,1,16,0.11764705926179886,0.6470588445663452,-0.7399724721908569,2.2352941036224365,2.950573205947876,1.9546027183532715,2.1859569549560547,1.764599859714508,1
SITE253,129,86,15,28,1,16,0.25,0.75,0.4191073775291443,1.5357142686843872,2.0615527629852295,2.0456587076187134,1.9864193201065063,1.9943242073059082,1
SITE256,22,13,3,6,1,16,0.1666666716337204,0.6666666865348816,-0.4920635223388672,2.1666667461395264,2.798809289932251,1.9831916093826294,2.0605549812316895,2.1435019969940186,1
SITE258,43,23,6,14,3,18,0.2857142984867096,0.7142857313156128,0.018786072731018066,1.7857142686843872,2.6322178840637207,2.0003347396850586,1.81930673122406,1.8416417837142944,3
SITE259,29,20,4,5,1,16,0.4000000059604645,0.4000000059604645,-4.0,2.4000000953674316,3.2863354682922363,1.9741094708442688,1.8097877502441406,1.7714824676513672,1
SITE261,57,27,7,23,2,17,0.3478260934352875,0.6086956262588501,-0.21320271492004395,1.95652174949646,2.6946001052856445,1.7890728116035461,2.1187744140625,1.961348056793213,2
SITE262,80,45,11,24,6,21,0.375,0.7083333134651184,-0.1529707908630371,1.75,2.5166115760803223,1.5874827305475872,1.9698938131332397,2.074483096599579,6
SITE268,44,24,7,13,7,22,0.07692307978868484,0.6153846383094788,-0.638126015663147,2.769230842590332,3.464101552963257,1.4323444366455078,1.865343689918518,1.9209414720535278,7
SITE272,55,30,8,17,1,16,0.23529411852359772,0.8235294222831726,0.45844870805740356,1.2941176891326904,1.6449565887451172,1.8650391101837158,1.8071837425231934,1.88828706741333,1
SITE276,49,31,8,10,12,27,0.30000001192092896,0.800000011920929,0.020270347595214844,1.2999999523162842,1.7029386758804321,1.446274220943451,1.9458889961242676,1.62029230594635,12
SITE301,28,18,5,5,60,60,0.800000011920929,0.800000011920929,,0.800000011920929,1.7888543605804443,0.003876594128087163,0.0,0.48451995849609375,60
SITE304,22,15,3,4,8,23,0.5,0.5,-1.6666667461395264,3.0,4.242640495300293,1.294152021408081,0.6931993961334229,2.0246613025665283,8
SITE309,48,27,8,13,8,23,0.7692307829856873,0.7692307829856873,0.6388888955116272,0.9230769276618958,1.9215378761291504,1.1890794038772583,1.7235369682312012,1.1309527158737183,8
SITE310,27,16,4,7,20,35,0.4285714328289032,0.7142857313156128,-0.19072175025939941,1.5714285373687744,2.1712405681610107,1.122332215309143,1.7767819166183472,1.657395839691162,20
SITE322,36,23,5,8,4,19,0.75,0.75,0.033816397190093994,0.875,1.7677669525146484,1.0521873235702515,0.45104214549064636,1.0991060733795166,4
SITE323,36,22,5,9,5,20,0.6666666865348816,0.8888888955116272,0.7509881407022476,0.6666666865348816,1.2472190856933594,1.234273076057434,0.8008394241333008,1.3723636865615845,5
SITE324,63,39,9,15,4,19,0.46666666865348816,0.800000011920929,0.3806646466255188,1.3333333730697632,2.338090419769287,1.470961610476176,1.5344856977462769,1.604912281036377,4
SITE325,34,21,3,10,5,20,0.8999999761581421,0.8999999761581421,0.6502498388290405,0.699999988079071,2.213594436645508,1.5169991254806519,1.737229585647583,1.0429680347442627,5
SITE327,67,41,9,17,4,19,0.23529411852359772,0.47058823704719543,-1.386092185974121,3.3529412746429443,4.399198055267334,1.5622299512227376,1.605088710784912,1.1295469254255295,4
SITE330,50,29,6,15,3,18,0.3333333432674408,0.6666666865348816,-0.1255115270614624,1.8666666746139526,2.708012819290161,1.5432449579238892,1.4796302318572998,1.75887131690979,3
SITE331,28,17,4,7,2,17,0.5714285969734192,0.5714285969734192,-0.14800012111663818,1.5714285373687744,2.4201533794403076,2.1689302921295166,1.315349817276001,1.4043738842010498,2
SITE332,36,22,4,10,4,19,0.30000001192092896,0.699999988079071,-1.7624309062957764,1.7999999523162842,2.2360680103302,1.6879395246505737,0.36200112104415894,1.6489261388778687,4
SITE333,23,12,4,7,1,16,0.4285714328289032,0.7142857313156128,-0.7246377468109131,1.4285714626312256,2.203892707824707,1.662462592124939,2.9130120277404785,1.7095868587493896,1
SITE334,50,35,7,8,7,22,0.625,0.625,-0.6052631139755249,1.625,2.7613401412963867,1.2577577233314514,1.0245983600616455,1.2132909297943115,7
SITE336,23,14,3,6,22,37,0.5,0.8333333134651184,-2.3000001907348633,1.6666666269302368,2.708012819290161,1.1340644359588623,1.1891578435897827,1.3755214214324951,22
SITE338,20,12,3,5,1,16,0.4000000059604645,0.6000000238418579,-5.125,2.200000047683716,3.130495309829712,2.398897171020508,0.1496230661869049,1.369398832321167,1
SITE339,27,16,3,8,1,16,0.375,0.875,0.2542372941970825,1.25,1.658312439918518,1.7952953577041626,1.5003948211669922,1.5130313634872437,1
SITE340,43,26,5,12,1,16,0.3333333432674408,0.5833333134651184,0.10857146978378296,1.75,2.3273732662200928,1.836661696434021,1.9248508214950562,1.7422685623168945,1
SITE343,48,29,7,12,1,16,0.5833333134651184,0.75,0.5611428320407867,1.0,1.632993221282959,1.4421076774597168,1.909696102142334,1.4897956848144531,1
SITE345,28,18,4,6,11,26,0.6666666865348816,0.8333333134651184,0.732142835855484,0.6666666865348816,1.29099440574646,1.5397276282310486,1.0767738819122314,1.2672550678253174,11
SITE353,35,21,4,10,44,59,0.6000000238418579,0.699999988079071,0.12408757209777832,1.399999976158142,2.4494898319244385,0.14685966819524765,9.374342334922403e-05,1.7952808141708374,44
SITE355,37,23,4,10,10,25,0.6000000238418579,0.699999988079071,0.6083333194255829,1.2999999523162842,2.1679482460021973,0.9836484789848328,0.34141820669174194,1.619144082069397,10
SITE358,54,30,7,17,4,19,0.3529411852359772,0.6470588445663452,-3.2204856872558594,2.058823585510254,2.9003043174743652,1.1229503750801086,1.4955977201461792,0.9694937579333782,4
SITE360,31,19,4,8,1,16,0.375,0.75,-1.2736842632293701,1.375,1.837117314338684,1.363940715789795,1.3011060953140259,1.401128888130188,1
SITE361,25,16,3,6,1,16,0.5,0.8333333134651184,-0.03797471523284912,1.5,2.6140644550323486,1.658122181892395,0.7584781646728516,1.2551437616348267,1
SITE362,41,24,5,12,1,16,0.25,0.5,-0.2968299388885498,2.6666667461395264,3.535533905029297,1.3941655158996582,2.1519477367401123,2.056185245513916,1
SITE363,45,30,5,10,6,21,0.6000000238418579,0.8999999761581421,0.7576530873775482,0.699999988079071,1.3784048557281494,1.0980942249298096,0.4133666455745697,1.2212964296340942,6
SITE366,44,27,5,12,13,28,0.25,0.5,-1.2066116333007812,3.0,3.8514065742492676,1.3961337208747864,0.7210450172424316,1.4362895488739014,13
SITE367,32,20,4,8,43,58,0.625,0.75,-0.12077295780181885,1.125,1.9039433002471924,0.3112610802054405,0.0014076437801122665,1.3975775241851807,43
SITE375,25,14,4,7,30,45,0.8571428656578064,0.8571428656578064,0.884615384042263,0.4285714328289032,1.133893370628357,0.5446686148643494,0.7962591648101807,0.6859623193740845,30
SITE376,35,19,6,10,11,26,0.30000001192092896,0.5,-0.2769784927368164,2.0999999046325684,2.6645824909210205,1.4807382822036743,1.2142326831817627,1.6022357940673828,11
SITE377,50,25,8,17,9,24,0.23529411852359772,0.5882353186607361,-0.1387995481491089,2.058823585510254,2.7116305828094482,0.9572809338569641,1.4512660503387451,2.4112801551818848,9
SITE380,32,20,4,8,2,17,0.75,0.875,0.793240562081337,0.625,1.2747548818588257,1.7577646374702454,1.0685123205184937,1.1784851551055908,2
SITE383,20,13,2,5,18,33,0.20000000298023224,0.4000000059604645,-0.8617022037506104,2.200000047683716,2.6457512378692627,0.8537395596504211,0.9441055655479431,1.9140011072158813,18
SITE385,34,20,5,9,1,16,0.2222222238779068,0.5555555820465088,-0.7573965787887573,2.222222328186035,2.708012819290161,2.5538066625595093,1.4303677082061768,1.7482824325561523,1
SITE386,43,25,5,13,3,18,0.5384615659713745,0.8461538553237915,0.512278288602829,1.1538461446762085,2.0568833351135254,1.267838180065155,0.912895143032074,1.3782538175582886,3
SITE388,20,12,2,6,7,22,0.5,0.6666666865348816,0.1801241636276245,1.3333333730697632,1.9148542881011963,1.2798113822937012,0.5464416146278381,2.3771586418151855,7
SITE389,48,30,7,11,31,46,0.6363636255264282,1.0,0.6720183491706848,0.6363636255264282,1.0871145725250244,0.5077485144138336,0.08274123817682266,1.3862191438674927,31
SITE397,58,33,9,16,1,16,0.125,0.4375,-1.4372758865356445,2.875,3.25960111618042,2.2931994199752808,1.9943610429763794,2.2340927124023438,1
SITE401,26,18,3,5,59,60,0.6000000238418579,1.0,0.9305555522441864,0.4000000059604645,0.6324555277824402,0.002836659172317013,0.00012109733506804332,1.9014043807983398,59
SITE404,21,12,2,7,58,60,0.5714285969734192,0.7142857313156128,-0.5119999647140503,1.7142857313156128,2.7774603366851807,0.09905283898115158,0.0001029864142765291,1.996345043182373,58
SITE406,25,15,4,6,10,25,0.5,0.6666666865348816,0.6262294948101044,1.1666666269302368,1.7795131206512451,1.7635502815246582,1.6956580877304077,1.4828221797943115,10
SITE407,28,18,4,6,33,48,0.6666666865348816,0.8333333134651184,-0.283237099647522,1.1666666269302368,2.4832773208618164,0.4817329943180084,0.11327234655618668,0.9744164347648621,33
SITE411,133,83,17,33,43,58,0.12121212482452393,0.6363636255264282,-0.649415135383606,2.3636362552642822,2.9232609272003174,0.7854755024115244,0.9360951920971274,5.788049221038818,43
SITE417,101,54,13,34,1,16,0.3235294222831726,0.7058823704719543,0.07590937614440918,1.7647058963775635,2.413198947906494,1.8838788568973541,2.200195074081421,2.248224059740702,1
SITE420,57,35,6,16,1,16,0.125,0.4375,-0.9462686777114868,2.6875,3.191786289215088,1.9645774761835735,1.9255149364471436,2.1079649925231934,1
SITE421,39,26,2,11,2,17,0.0,0.6363636255264282,-0.26097559928894043,2.3636362552642822,2.9232609272003174,1.8920062184333801,2.915203094482422,2.3389782905578613,2
SITE422,41,23,6,12,5,20,0.25,0.75,0.05759167671203613,1.6666666269302368,2.2360680103302,1.7959531545639038,1.9429763555526733,2.020611524581909,5
SITE424,24,17,3,4,5,20,0.75,0.75,-0.3333333730697632,0.75,1.5,0.6615922655910254,0.4198932349681854,0.48181673884391785,5
SITE426,60,36,7,17,1,16,0.529411792755127,0.9411764740943909,0.6540697813034058,0.8235294222831726,1.2833778858184814,1.7264996369679768,1.2061431407928467,1.7371491193771362,1
SITE430,33,23,5,5,2,17,0.6000000238418579,0.800000011920929,-5.041666507720947,1.399999976158142,2.4083189964294434,1.6985235214233398,1.7871845960617065,1.2301591634750366,2
SITE434,41,25,5,11,1,16,0.4545454680919647,0.7272727489471436,0.07443368434906006,1.454545497894287,2.174229145050049,2.0621771812438965,2.064532518386841,1.863465428352356,1
SITE435,32,15,5,12,7,22,0.4166666567325592,0.8333333134651184,0.8212434947490692,0.9166666865348816,1.3844373226165771,2.0454375743865967,2.2544093132019043,1.9187911748886108,7
SITE437,63,28,9,26,2,17,0.1538461595773697,0.38461539149284363,-2.020887851715088,3.076923131942749,3.7003118991851807,2.111249089241028,2.7690927982330322,2.190895199775696,2
SITE438,56,28,9,19,1,16,0.15789473056793213,0.8947368264198303,0.24159657955169678,1.4210525751113892,1.7320507764816284,2.1408671140670776,1.9622832536697388,1.9669926166534424,1
SITE439,48,29,6,13,3,18,0.07692307978868484,0.38461539149284363,-1.7441041469573975,3.153846263885498,3.710691452026367,1.8949243426322937,1.8967766761779785,2.2976913452148438,3
SITE442,71,43,11,17,6,21,0.3529411852359772,0.6470588445663452,-0.5198675394058228,1.8823529481887817,2.5205042362213135,1.5608685811360676,1.7406363487243652,1.1873648166656494,6
SITE443,20,14,3,3,1,16,0.6666666865348816,0.6666666865348816,-0.5,1.0,1.7320507764816284,1.9894349575042725,2.394726276397705,1.0933561325073242,1
SITE446,68,45,5,18,1,16,0.2777777910232544,0.5,-1.592158317565918,3.5,4.6726155281066895,2.0309855937957764,2.005764961242676,2.0787368416786194,1
SITE447,21,13,1,7,60,60,0.1428571492433548,0.5714285969734192,0.25757575035095215,2.142857074737549,2.6457512378692627,0.3223838210105896,2.3841855067985307e-07,5.20868444442749,60
SITE454,28,18,5,5,13,28,0.6000000238418579,0.6000000238418579,-11.361109733581543,2.5999999046325684,4.2190046310424805,1.1200305819511414,1.4356474876403809,1.1342825889587402,13
SITE455,31,19,3,9,1,16,0.2222222238779068,0.4444444477558136,-1.3627450466156006,3.8888888359069824,5.17472505569458,2.2309696674346924,2.5078675746917725,2.405914306640625,1
SITE460,20,13,3,4,3,18,0.25,0.75,0.44736844301223755,1.75,2.291287899017334,2.0507566928863525,2.0410656929016113,2.09216570854187,3
SITE461,20,12,2,6,1,16,0.0,0.3333333432674408,-1.129692792892456,3.6666667461395264,4.163331985473633,2.1751527786254883,1.8622055053710938,2.571458339691162,1
SITE463,26,16,3,7,28,43,0.2857142984867096,0.7142857313156128,-0.3891751766204834,2.4285714626312256,3.316624879837036,0.6648522615432739,1.0605219602584839,2.1879708766937256,28
SITE464,36,23,6,7,7,22,0.5714285969734192,0.7142857313156128,-0.31884074211120605,2.2857143878936768,3.854496479034424,1.070712387561798,0.749182939529419,1.529748797416687,7
SITE468,24,13,3,8,3,18,0.125,0.25,-3.3294119834899902,3.5,4.153311729431152,1.9567768573760986,1.9622714519500732,1.9201695919036865,3
SITE469,20,12,3,5,1,16,0.20000000298023224,0.800000011920929,-3.75,1.399999976158142,1.9493588209152222,1.9339641332626343,2.136906623840332,1.7348453998565674,1
SITE471,66,40,7,19,11,26,0.3684210479259491,0.5263158082962036,-0.6679912805557251,2.473684310913086,3.576237440109253,1.0460595488548279,0.5624303221702576,1.38241845369339,11
SITE474,22,13,2,7,2,17,0.1428571492433548,0.4285714328289032,-0.49637675285339355,2.4285714626312256,2.903200149536133,1.5908561944961548,2.0823793411254883,2.1673152446746826,2
SITE477,50,31,6,13,7,22,0.38461539149284363,0.692307710647583,-0.2948206663131714,1.8461538553237915,2.773500919342041,1.3382740020751953,0.7959779500961304,1.6010199785232544,7
SITE483,33,21,3,9,8,23,0.3333333432674408,0.6666666865348816,-0.001953125,1.8888888359069824,2.5166115760803223,1.3515774011611938,1.7973926067352295,1.7387738227844238,8
SITE485,43,25,4,14,9,24,0.2857142984867096,0.5714285969734192,0.05874663591384888,2.0714285373687744,2.7124054431915283,1.0639930367469788,1.7713643312454224,1.9339584112167358,9
SITE486,25,17,3,5,4,19,0.800000011920929,0.800000011920929,0.550000011920929,0.6000000238418579,1.3416407108306885,2.075220465660095,0.3670288026332855,0.5114780068397522,4
SITE490,52,31,8,13,24,39,0.4615384638309479,0.7692307829856873,-0.2803027629852295,1.615384578704834,2.6457512378692627,0.8560307025909424,1.288950800895691,2.3837954998016357,24
SITE492,25,14,4,7,15,30,0.5714285969734192,0.8571428656578064,0.37903231382369995,0.7142857313156128,1.2535663843154907,0.7415972352027893,1.0059171915054321,0.734212338924408,15
SITE506,44,23,6,15,21,36,0.6000000238418579,0.6666666865348816,0.08333331346511841,1.600000023841858,2.708012819290161,0.548779234290123,0.9643054008483887,1.2988969087600708,21
SITE508,115,64,17,34,1,16,0.23529411852359772,0.529411792755127,-0.6452744007110596,2.7941176891326904,3.714043378829956,1.5764409899711609,2.183421015739441,2.5146753787994385,1
SITE510,26,16,3,7,4,19,0.2857142984867096,0.5714285969734192,0.26449280977249146,1.5714285373687744,2.035400867462158,1.3633232116699219,2.2313547134399414,1.3250367641448975,4
SITE520,69,43,14,12,1,16,0.5833333134651184,0.8333333134651184,0.317460298538208,1.0833333730697632,1.8929693698883057,1.8355118830998738,1.7729101181030273,1.2794969081878662,1
SITE521,60,34,9,17,1,16,0.47058823704719543,0.7058823704719543,0.4029158353805542,1.6470588445663452,2.4970571994781494,1.7447459697723389,1.5352680683135986,1.1931063532829285,1
SITE522,75,47,7,21,5,20,0.4285714328289032,0.8571428656578064,0.6594282686710358,1.0952380895614624,1.6761634349822998,1.383281906445821,0.6227447986602783,1.3482267260551453,5
SITE528,45,25,8,12,21,36,0.5,0.5833333134651184,-0.24431836605072021,1.5833333730697632,2.4664413928985596,0.6261879205703735,1.624538540840149,1.2075698375701904,21
SITE538,28,19,2,7,28,43,0.2857142984867096,1.0,0.6650717854499817,1.4285714626312256,1.6903085708618164,0.25542573630809784,0.3192487061023712,3.4933338165283203,28
SITE539,24,14,4,6,4,19,0.5,0.6666666865348816,-0.013333320617675781,1.6666666269302368,2.5166115760803223,1.5738301277160645,1.673727035522461,1.5650609731674194,4
SITE540,22,16,4,2,1,16,1.0,1.0,,0.0,0.0,1.835496425628662,1.8398933410644531,0.6701563000679016,1
SITE541,31,19,5,7,1,16,0.7142857313156128,1.0,0.9385964870452881,0.4285714328289032,0.8451542854309082,1.5755594372749329,2.18222713470459,1.455222487449646,1
SITE542,31,16,2,13,26,41,0.4615384638309479,0.692307710647583,0.40153443813323975,1.5384615659713745,2.3533935546875,0.40813910961151123,1.1108356714248657,1.4906342029571533,26
SITE545,35,24,5,6,3,18,0.3333333432674408,0.6666666865348816,-7.3333330154418945,2.0,2.886751174926758,1.7667100429534912,2.03068208694458,1.8518041372299194,3
SITE547,24,17,3,4,11,26,1.0,1.0,1.0,0.0,0.0,0.9066321551799774,0.3488360345363617,0.17329394817352295,11
SITE556,21,14,3,4,1,16,0.0,0.25,-4.166666507720947,2.75,2.7838821411132812,1.8426927328109741,2.2354164123535156,2.2735419273376465,1
SITE557,74,45,10,19,1,16,0.21052631735801697,0.7368420958518982,0.24093908071517944,1.736842155456543,2.2594828605651855,1.9208813110987346,1.8373810052871704,1.5464702248573303,1
SITE561,48,30,8,10,1,16,0.30000001192092896,1.0,0.7671957612037659,1.2000000476837158,1.483239769935608,1.7822787165641785,2.4165332317352295,1.7924705743789673,1
SITE563,33,19,6,8,16,31,0.625,1.0,0.8208955228328705,0.5,0.8660253882408142,0.8925575613975525,1.2716188430786133,1.5948222875595093,16
SITE564,34,22,7,5,1,16,0.4000000059604645,0.800000011920929,0.6875,1.2000000476837158,1.6733200550079346,2.0712018609046936,1.435055136680603,1.6503552198410034,1
SITE568,24,16,2,6,6,21,0.1666666716337204,0.1666666716337204,-0.894736647605896,3.0,3.316624879837036,1.4887269735336304,2.7049455642700195,1.7556571960449219,6
SITE569,48,28,7,13,26,41,0.23076923191547394,0.692307710647583,-0.17469871044158936,1.4615384340286255,1.8605210781097412,0.14301056414842606,0.04749815911054611,2.73362135887146,26
SITE572,30,19,6,5,3,18,0.4000000059604645,0.4000000059604645,-24.624998092651367,3.799999952316284,4.9598388671875,2.1120736598968506,2.2482194900512695,1.7639108896255493,3
SITE574,24,15,3,6,5,20,0.3333333432674408,0.6666666865348816,-0.7922079563140869,1.5,1.9578900337219238,1.520382046699524,1.499966025352478,1.7120018005371094,5
SITE575,57,33,8,16,7,22,0.1875,0.5,-0.6465517282485962,2.8125,3.455068826675415,1.8828179836273193,1.445633888244629,2.5731935501098633,7
SITE577,34,20,6,8,1,16,0.5,0.75,0.5959596037864685,1.0,1.5811388492584229,2.3145978450775146,2.1130309104919434,1.3650109767913818,1
SITE578,29,16,3,10,16,31,0.4000000059604645,0.800000011920929,-0.4285714626312256,1.5,2.345207929611206,0.8479810953140259,1.029897689819336,1.5049008131027222,16
SITE580,22,14,3,5,1,16,0.4000000059604645,0.800000011920929,-5.562500953674316,1.399999976158142,2.0493900775909424,2.1839733123779297,2.704378604888916,1.6008542776107788,1
SITE581,39,25,5,9,49,60,0.5555555820465088,0.7777777910232544,0.13118815422058105,1.2222222089767456,2.0816659927368164,0.08221474103629589,0.3275003135204315,1.6003992557525635,49
SITE584,27,17,2,8,3,18,0.25,0.5,-1.3636362552642822,2.0,2.5495097637176514,0.9707739055156708,0.9137495756149292,1.858083724975586,3
SITE587,30,19,4,7,3,18,0.5714285969734192,0.7142857313156128,-5.125000476837158,1.4285714626312256,2.4494898319244385,1.5331928730010986,2.682337999343872,1.1967315673828125,3
SITE593,44,28,7,9,14,29,0.5555555820465088,0.8888888955116272,-5.98275899887085,1.5555555820465088,3.1622776985168457,1.2127103209495544,1.4327198266983032,2.293445587158203,14
SITE595,72,47,7,18,1,16,0.3333333432674408,0.6111111044883728,-0.18371593952178955,1.8888888359069824,2.6457512378692627,1.9620049794514973,1.7788400650024414,1.9228774905204773,1
SITE597,28,18,2,8,18,33,0.25,0.5,-0.22033894062042236,1.875,2.3717081546783447,0.4973621964454651,1.0854699611663818,2.928488254547119,18
SITE598,28,11,6,11,1,16,0.09090909361839294,0.5454545617103577,-0.7816901206970215,2.2727272510528564,2.5045413970947266,1.7313886880874634,2.007209300994873,2.0256619453430176,1
SITE601,33,22,5,6,9,24,0.8333333134651184,1.0,0.9902755273506045,0.1666666716337204,0.40824830532073975,0.9684276580810547,1.292864203453064,0.6810516119003296,9
SITE602,53,29,8,16,9,24,0.25,0.625,-0.8957761526107788,2.625,3.674234628677368,1.4329754710197449,1.2522095441818237,2.068406343460083,9
SITE606,49,28,8,13,3,18,0.3076923191547394,0.8461538553237915,0.08616781234741211,1.692307710647583,3.08843994140625,1.128825843334198,2.412623405456543,1.7548695802688599,3
SITE607,40,23,8,9,1,16,0.2222222238779068,0.5555555820465088,0.21927708387374878,2.222222328186035,2.8284270763397217,2.204221248626709,2.014829635620117,1.93283212184906,1
SITE610,38,23,6,9,6,21,0.3333333432674408,0.3333333432674408,-2.5892858505249023,3.6666667461395264,4.725815773010254,1.7333466410636902,1.6599258184432983,1.9642105102539062,6
SITE612,59,35,9,15,1,16,0.2666666805744171,0.6666666865348816,-0.398104190826416,2.133333444595337,2.804757833480835,1.9015384117762248,2.9003710746765137,1.8570091724395752,1
SITE616,48,27,5,16,11,26,0.25,0.6875,0.29050594568252563,1.75,2.207940101623535,1.2256428599357605,0.9151973724365234,1.6791346073150635,11
SITE617,36,20,6,10,2,17,0.20000000298023224,0.699999988079071,0.4109194874763489,1.7000000476837158,2.024845600128174,1.5433100461959839,2.211591958999634,1.627322793006897,2
SITE620,57,32,7,18,3,18,0.5555555820465088,0.7777777910232544,-0.08088219165802002,1.6111111640930176,2.8577380180358887,1.4651076793670654,1.9850608110427856,2.0592026710510254,3
SITE622,48,35,4,9,1,16,0.3333333432674408,0.6666666865348816,0.3946187496185303,1.3333333730697632,1.8257418870925903,2.1781620184580484,1.8025087118148804,1.7069405317306519,1
SITE623,30,14,5,11,18,33,0.27272728085517883,0.9090909361839294,-0.41752564907073975,1.1818181276321411,1.507556676864624,0.7621634602546692,1.1139849424362183,1.7289235591888428,18
SITE624,28,18,2,8,15,30,0.125,0.625,-0.8718663454055786,2.75,3.240370273590088,1.6792571544647217,1.9936274290084839,2.120389699935913,15
SITE626,35,17,8,10,1,16,0.30000001192092896,1.0,0.8860648572444916,0.8999999761581421,1.140175461769104,1.835122287273407,2.017857074737549,1.5421377420425415,1
SITE629,48,29,8,11,6,21,0.1818181872367859,0.5454545617103577,-0.06049156188964844,2.545454502105713,3.0451152324676514,1.6527684330940247,1.8728923797607422,2.0788869857788086,6
SITE639,44,26,6,12,1,16,0.25,0.6666666865348816,-0.18064498901367188,1.75,2.254624843597412,2.1412193775177,1.679660677909851,1.9057235717773438,1
SITE648,24,17,4,3,1,16,0.6666666865348816,0.6666666865348816,-0.5,1.0,1.7320507764816284,1.1728653311729431,1.7796393632888794,1.8063819408416748,1
SITE658,56,34,6,16,2,17,0.1875,0.625,-0.5630702972412109,2.5,3.3726844787597656,1.878570596377055,1.5486940145492554,1.9978305101394653,2
SITE683,29,15,7,7,1,16,0.4285714328289032,0.7142857313156128,-0.9634146690368652,1.2857142686843872,1.8126540184020996,1.5588730573654175,1.5021617412567139,1.3065509796142578,1
SITE684,53,29,9,15,2,17,0.20000000298023224,0.6000000238418579,0.3604651093482971,1.7999999523162842,2.26568603515625,1.7593072652816772,2.1059889793395996,1.7816087007522583,2
SITE692,61,36,7,18,1,16,0.1666666716337204,0.6666666865348816,-0.837837815284729,2.222222328186035,2.748737096786499,1.93501083056132,2.0886006355285645,2.078635811805725,1
SITE719,65,39,5,21,1,16,0.2857142984867096,0.761904776096344,0.2408907413482666,1.6666666269302368,2.4397501945495605,2.0667622884114585,2.272106885910034,2.1001826524734497,1
SITE721,48,27,7,14,1,16,0.1428571492433548,0.4285714328289032,-1.174386739730835,3.2857143878936768,4.035556316375732,2.0377695560455322,1.9044933319091797,2.391018867492676,1
SITE722,62,37,12,13,4,19,0.23076923191547394,0.7692307829856873,-0.52195143699646,2.0,2.7174649238586426,1.8843095302581787,2.065746545791626,1.8588471412658691,4
SITE725,32,18,7,7,1,16,0.2857142984867096,0.7142857313156128,-0.021531105041503906,2.142857074737549,2.9519970417022705,2.6135960817337036,2.120272159576416,2.06788969039917,1
SITE734,49,29,9,11,1,16,0.4545454680919647,0.8181818127632141,-0.04054057598114014,1.1818181276321411,1.783765196800232,1.7160025238990784,2.4047560691833496,1.5822001695632935,1
SITE735,64,38,6,20,10,25,0.25,0.699999988079071,0.3214683532714844,1.7999999523162842,2.469817876815796,1.4973066647847493,2.336047887802124,1.5542677640914917,10
SITE739,39,25,5,9,16,31,0.0,0.3333333432674408,-7.250001907348633,3.8888888359069824,4.281744480133057,0.837990015745163,1.5369616746902466,3.104579448699951,16
SITE747,128,80,13,35,6,21,0.22857142984867096,0.7428571581840515,0.17711591720581055,1.7428570985794067,2.3603873252868652,1.784035897254944,1.8845884799957275,1.992357571919759,6
SITE760,156,95,25,36,4,19,0.8888888955116272,0.9722222089767456,0.0,0.1666666716337204,0.5773502588272095,0.233616553635026,0.8649814203381538,0.5513062303264936,4
SITE786,33,19,5,9,1,16,0.2222222238779068,1.0,0.7829949110746384,1.2222222089767456,1.452966332435608,1.9312362670898438,2.0571515560150146,1.5413624048233032,1
SITE801,27,15,2,10,1,16,0.4000000059604645,0.8999999761581421,0.6707818508148193,1.0,1.5491933822631836,1.986940622329712,2.273042678833008,1.5406270027160645,1
SITE802,33,22,4,7,1,16,0.5714285969734192,0.8571428656578064,-4.0,1.1428571939468384,2.0701966285705566,2.275902509689331,1.0083098411560059,1.269714117050171,1
SITE807,23,12,2,9,5,20,0.2222222238779068,0.5555555820465088,-1.0277776718139648,2.3333332538604736,2.84800124168396,1.8271278142929077,2.017380475997925,2.179725170135498,5
SITE808,21,15,1,5,20,35,0.4000000059604645,0.4000000059604645,-9.0,2.4000000953674316,3.098386764526367,0.9831691980361938,0.27344855666160583,1.9522866010665894,20
SITE821,32,21,4,7,1,16,0.1428571492433548,0.1428571492433548,-6.833333492279053,4.5714287757873535,5.182387828826904,2.2038203477859497,1.5693116188049316,2.3846371173858643,1
SITE831,40,27,3,10,3,18,0.30000001192092896,0.699999988079071,0.12871289253234863,1.600000023841858,2.0976176261901855,2.033809542655945,1.2710951566696167,1.8423378467559814,3
SITE844,28,14,8,6,1,16,0.3333333432674408,0.5,0.1954023241996765,1.8333333730697632,2.415229558944702,1.5221761465072632,2.4837002754211426,1.9096119403839111,1
SITE852,59,30,6,23,1,16,0.08695652335882187,0.695652186870575,-0.20298874378204346,2.17391300201416,2.702655792236328,2.117990493774414,2.301776885986328,2.021540880203247,1
SITE871,25,17,4,4,6,21,0.75,1.0,0.40740740299224854,0.5,1.0,1.9120709896087646,2.1184051036834717,0.6124343872070312,6
OVERALL,3456,7394,1685,3456,0,0,0.3107638955116272,0.6773726940155029,0.0012999176979064941,1.9175347089767456,2.7387712001800537,0.0,0.0,0.0,0
