path,site,height,banner_end_row,crop_row,banner_pct,margin_rows
2025-03-31-15-41-11/SITE383_ORNT215_VIS1-75mi.png,SITE383,402,50,52,12.44,2
2025-03-15-15-41-34/SITE375_ORNT260_VIS1-75mi.png,SITE375,402,37,52,9.2,15
2025-03-31-15-41-11/SITE375_ORNT260_VIS1mi.png,SITE375,402,37,52,9.2,15
2025-03-05-12-08-53/SITE484_ORNT220_VIS1mi.png,SITE484,402,50,52,12.44,2
2025-03-18-13-52-55/SITE484_ORNT220_VIS1-75mi.png,SITE484,402,50,52,12.44,2
2025-03-31-13-29-12/SITE375_ORNT330_VIS1-75mi.png,SITE375,402,37,52,9.2,15
2025-04-16-13-54-24/SITE472_ORNT275_VIS1-5mi.png,SITE472,402,50,52,12.44,2
2025-02-17-14-46-26/SITE375_ORNT260_VIS1-75mi.png,SITE375,402,37,52,9.2,15
2025-01-31-13-49-43/SITE480_ORNT310_VIS1mi.png,SITE480,402,37,52,9.2,15
2024-06-06-17-01-51/SITE481_ORNT120_VIS1mi.png,SITE481,359,33,46,9.19,13
2025-03-02-13-12-40/SITE383_ORNT215_VIS2mi.png,SITE383,402,37,52,9.2,15
2025-02-15-15-20-00/SITE383_ORNT215_VIS2-5mi.png,SITE383,402,50,52,12.44,2
2024-06-16-11-08-10/SITE481_ORNT30_VIS2mi.png,SITE481,359,32,46,8.91,14
2025-03-31-13-29-12/SITE484_ORNT140_VIS3mi.png,SITE484,402,36,52,8.96,16
2024-06-10-14-33-22/SITE383_ORNT35_VIS4mi.png,SITE383,359,45,46,12.53,1
2024-06-17-10-37-40/SITE481_ORNT30_VIS4mi.png,SITE481,359,32,46,8.91,14
2025-03-06-15-10-58/SITE472_ORNT95_VIS4mi.png,SITE472,402,37,52,9.2,15
2024-06-17-10-37-40/SITE481_ORNT310_VIS4mi.png,SITE481,359,33,46,9.19,13
2024-06-30-10-21-08/SITE481_ORNT310_VIS4mi.png,SITE481,359,33,46,9.19,13
2025-03-20-11-55-50/SITE492_ORNT210_VIS4mi.png,SITE492,402,37,52,9.2,15
2025-03-06-15-10-58/SITE472_ORNT275_VIS4mi.png,SITE472,402,37,52,9.2,15
2024-05-28-11-05-32/SITE383_ORNT35_VIS4mi.png,SITE383,359,33,46,9.19,13
2025-02-15-15-20-00/SITE472_ORNT275_VIS5mi.png,SITE472,402,37,52,9.2,15
2025-03-02-11-48-27/SITE484_ORNT30_VIS5mi.png,SITE484,402,37,52,9.2,15
2025-02-16-12-49-10/SITE481_ORNT310_VIS5mi.png,SITE481,402,37,52,9.2,15
2025-03-28-10-38-15/SITE480_ORNT220_VIS5mi.png,SITE480,402,37,52,9.2,15
2024-07-18-11-32-15/SITE481_ORNT310_VIS5mi.png,SITE481,359,33,46,9.19,13
2025-02-15-15-20-00/SITE472_ORNT95_VIS5mi.png,SITE472,402,37,52,9.2,15
2024-06-09-10-51-06/SITE481_ORNT310_VIS5mi.png,SITE481,359,45,46,12.53,1
2025-03-28-10-38-15/SITE480_ORNT20_VIS5mi.png,SITE480,402,37,52,9.2,15
2024-08-11-13-07-09/SITE480_ORNT310_VIS5mi.png,SITE480,359,32,46,8.91,14
2025-04-01-16-59-16/SITE472_ORNT95_VIS5mi.png,SITE472,402,50,52,12.44,2
2025-03-03-11-33-30/SITE484_ORNT220_VIS6mi.png,SITE484,402,37,52,9.2,15
2024-06-15-10-59-58/SITE492_ORNT115_VIS6mi.png,SITE492,359,33,46,9.19,13
2025-04-07-16-10-10/SITE383_ORNT35_VIS6mi.png,SITE383,402,37,52,9.2,15
2025-02-01-12-44-07/SITE492_ORNT115_VIS6mi.png,SITE492,402,37,52,9.2,15
2025-03-02-11-48-27/SITE472_ORNT275_VIS6mi.png,SITE472,402,37,52,9.2,15
2025-04-07-16-10-10/SITE383_ORNT215_VIS6mi.png,SITE383,402,37,52,9.2,15
2024-06-15-10-59-58/SITE492_ORNT290_VIS6mi.png,SITE492,359,33,46,9.19,13
2025-04-07-16-10-10/SITE480_ORNT140_VIS6mi.png,SITE480,402,37,52,9.2,15
2025-01-26-13-23-03/SITE375_ORNT330_VIS6mi.png,SITE375,402,37,52,9.2,15
2024-12-16-12-39-30/SITE480_ORNT140_VIS6mi.png,SITE480,359,33,46,9.19,13
2024-07-01-19-28-49/SITE492_ORNT115_VIS6mi.png,SITE492,359,33,46,9.19,13
2024-06-15-14-23-40/SITE492_ORNT20_VIS6mi.png,SITE492,359,33,46,9.19,13
2024-06-10-10-43-57/SITE492_ORNT115_VIS6mi.png,SITE492,359,45,46,12.53,1
2025-03-02-11-48-27/SITE472_ORNT95_VIS6mi.png,SITE472,402,37,52,9.2,15
2025-03-03-11-33-30/SITE484_ORNT140_VIS6mi.png,SITE484,402,37,52,9.2,15
2025-02-01-12-44-07/SITE492_ORNT290_VIS6mi.png,SITE492,402,37,52,9.2,15
2024-08-10-09-44-28/SITE383_ORNT35_VIS6mi.png,SITE383,359,45,46,12.53,1
2024-04-25-17-48-06/SITE383_ORNT35_VIS6mi.png,SITE383,359,45,46,12.53,1
2024-06-15-10-59-58/SITE492_ORNT20_VIS6mi.png,SITE492,359,33,46,9.19,13
2024-06-15-14-23-40/SITE492_ORNT210_VIS6mi.png,SITE492,359,33,46,9.19,13
2025-03-28-10-38-15/SITE375_ORNT260_VIS7mi.png,SITE375,402,37,52,9.2,15
2025-03-02-11-48-27/SITE375_ORNT260_VIS7mi.png,SITE375,402,37,52,9.2,15
2024-08-24-13-47-04/SITE383_ORNT35_VIS7mi.png,SITE383,359,33,46,9.19,13
2025-02-05-13-59-56/SITE472_ORNT10_VIS7mi.png,SITE472,402,37,52,9.2,15
2025-02-05-13-59-56/SITE472_ORNT95_VIS7mi.png,SITE472,402,37,52,9.2,15
2024-06-07-11-09-12/SITE492_ORNT210_VIS7mi.png,SITE492,359,33,46,9.19,13
2025-04-11-14-52-32/SITE476_ORNT335_VIS8mi.png,SITE476,402,37,52,9.2,15
2024-12-16-12-39-30/SITE484_ORNT220_VIS8mi.png,SITE484,359,33,46,9.19,13
2024-05-31-15-13-16/SITE375_ORNT330_VIS8mi.png,SITE375,248,32,32,12.9,0
2025-04-02-15-05-32/SITE480_ORNT20_VIS8mi.png,SITE480,402,37,52,9.2,15
2025-03-31-15-41-11/SITE480_ORNT20_VIS8mi.png,SITE480,402,37,52,9.2,15
2024-12-16-12-39-30/SITE484_ORNT140_VIS8mi.png,SITE484,359,33,46,9.19,13
2024-06-03-13-44-33/SITE375_ORNT330_VIS9mi.png,SITE375,248,23,32,9.27,9
2024-07-22-20-17-56/SITE492_ORNT210_VIS9mi.png,SITE492,359,33,46,9.19,13
2024-10-06-12-31-10/SITE492_ORNT20_VIS9mi.png,SITE492,359,33,46,9.19,13
2024-06-16-15-28-51/SITE383_ORNT35_VIS9mi.png,SITE383,359,33,46,9.19,13
2024-09-07-11-42-21/SITE492_ORNT115_VIS9mi.png,SITE492,359,33,46,9.19,13
2025-03-31-15-41-11/SITE492_ORNT115_VIS9mi.png,SITE492,402,37,52,9.2,15
2025-04-11-14-52-32/SITE375_ORNT330_VIS9mi.png,SITE375,402,37,52,9.2,15
2025-03-06-15-10-58/SITE492_ORNT20_VIS9mi.png,SITE492,402,37,52,9.2,15
2024-07-07-15-01-32/SITE492_ORNT20_VIS9mi.png,SITE492,359,33,46,9.19,13
2024-06-27-10-23-10/SITE383_ORNT35_VIS9mi.png,SITE383,359,45,46,12.53,1
2024-06-15-10-59-58/SITE383_ORNT35_VIS9mi.png,SITE383,359,33,46,9.19,13
2024-07-25-10-00-39/SITE383_ORNT215_VIS9mi.png,SITE383,359,33,46,9.19,13
2024-10-19-10-55-55/SITE375_ORNT330_VIS9mi.png,SITE375,359,33,46,9.19,13
2024-09-29-15-43-38/SITE375_ORNT330_VIS9mi.png,SITE375,359,33,46,9.19,13
2024-09-19-14-23-02/SITE383_ORNT35_VIS9mi.png,SITE383,359,45,46,12.53,1
2024-08-02-13-37-25/SITE492_ORNT115_VIS9mi.png,SITE492,359,33,46,9.19,13
2024-09-07-11-42-21/SITE375_ORNT330_VIS9mi.png,SITE375,359,33,46,9.19,13
2024-06-17-19-22-23/SITE481_ORNT310_VIS9mi.png,SITE481,359,33,46,9.19,13
2024-07-20-11-08-20/SITE383_ORNT35_VIS9mi.png,SITE383,359,33,46,9.19,13
2024-07-24-16-43-44/SITE472_ORNT95_VIS9mi.png,SITE472,359,45,46,12.53,1
2024-12-16-12-39-30/SITE472_ORNT275_VIS9mi.png,SITE472,359,33,46,9.19,13
2024-06-15-10-59-58/SITE375_ORNT260_VIS9mi.png,SITE375,359,33,46,9.19,13
2025-04-02-15-05-32/SITE375_ORNT330_VIS9mi.png,SITE375,402,37,52,9.2,15
2024-09-08-16-00-24/SITE492_ORNT115_VIS9mi.png,SITE492,359,33,46,9.19,13
2024-05-23-15-19-49/SITE492_ORNT290_VIS9mi.png,SITE492,248,23,32,9.27,9
2024-12-09-12-13-38/SITE375_ORNT260_VIS9mi.png,SITE375,359,33,46,9.19,13
2024-06-16-15-28-51/SITE375_ORNT330_VIS9mi.png,SITE375,359,33,46,9.19,13
2025-04-07-16-10-10/SITE492_ORNT20_VIS15mi.png,SITE492,402,37,52,9.2,15
2024-09-19-14-23-02/SITE481_ORNT120_VIS15mi.png,SITE481,359,45,46,12.53,1
2025-02-02-12-13-03/SITE484_ORNT220_VIS15mi.png,SITE484,402,37,52,9.2,15
2024-07-28-11-17-19/SITE484_ORNT220_VIS15mi.png,SITE484,359,33,46,9.19,13
2024-06-05-18-49-24/SITE492_ORNT210_VIS15mi.png,SITE492,248,23,32,9.27,9
2025-04-16-13-54-24/SITE492_ORNT115_VIS15mi.png,SITE492,402,37,52,9.2,15
2025-03-31-13-29-12/SITE383_ORNT215_VIS2-25mi.png,SITE383,402,50,52,12.44,2
2024-07-25-18-03-52/SITE375_ORNT330_VIS4mi.png,SITE375,359,45,46,12.53,1
2024-08-29-14-11-27/SITE476_ORNT30_VIS5mi.png,SITE476,359,45,46,12.53,1
2025-02-10-14-47-56/SITE472_ORNT95_VIS6mi.png,SITE472,402,37,52,9.2,15
2025-03-28-10-38-15/SITE375_ORNT330_VIS7mi.png,SITE375,402,37,52,9.2,15
2025-03-05-12-08-53/SITE472_ORNT95_VIS8mi.png,SITE472,402,37,52,9.2,15
2024-10-07-14-17-08/SITE480_ORNT310_VIS9mi.png,SITE480,359,32,46,8.91,14
2024-07-18-11-32-15/SITE375_ORNT330_VIS9mi.png,SITE375,359,33,46,9.19,13
2024-07-14-16-38-50/SITE481_ORNT310_VIS9mi.png,SITE481,359,33,46,9.19,13
2024-07-05-10-36-13/SITE375_ORNT330_VIS9mi.png,SITE375,359,33,46,9.19,13
2024-10-14-13-08-27/SITE383_ORNT35_VIS9mi.png,SITE383,359,33,46,9.19,13
2024-07-25-10-00-39/SITE383_ORNT35_VIS9mi.png,SITE383,359,33,46,9.19,13
2024-07-28-11-17-19/SITE375_ORNT330_VIS9mi.png,SITE375,359,33,46,9.19,13
2024-05-28-11-05-32/SITE480_ORNT140_VIS9mi.png,SITE480,359,33,46,9.19,13
2024-06-14-11-11-00/SITE472_ORNT95_VIS9mi.png,SITE472,359,33,46,9.19,13
2024-08-02-13-37-25/SITE492_ORNT20_VIS9mi.png,SITE492,359,33,46,9.19,13
2024-09-29-15-43-38/SITE480_ORNT140_VIS9mi.png,SITE480,359,33,46,9.19,13
2024-10-07-12-00-07/SITE472_ORNT275_VIS9mi.png,SITE472,359,33,46,9.19,13
2025-03-02-13-12-40/SITE472_ORNT275_VIS1-75mi.png,SITE472,402,37,52,9.2,15
2025-03-15-15-41-34/SITE375_ORNT330_VIS1-75mi.png,SITE375,402,37,52,9.2,15
2024-05-11-17-39-19/SITE480_ORNT310_VIS1-25mi.png,SITE480,359,33,46,9.19,13
2025-02-17-14-46-26/SITE375_ORNT330_VIS1-75mi.png,SITE375,402,37,52,9.2,15
2024-06-16-11-08-10/SITE481_ORNT310_VIS2mi.png,SITE481,359,33,46,9.19,13
2025-02-19-12-18-05/SITE484_ORNT220_VIS3mi.png,SITE484,402,37,52,9.2,15
2024-08-01-13-32-05/SITE383_ORNT35_VIS5mi.png,SITE383,359,33,46,9.19,13
2024-10-15-10-59-57/SITE472_ORNT95_VIS5mi.png,SITE472,359,45,46,12.53,1
2024-07-18-14-04-18/SITE481_ORNT30_VIS5mi.png,SITE481,359,45,46,12.53,1
2025-03-02-13-12-40/SITE484_ORNT220_VIS6mi.png,SITE484,402,37,52,9.2,15
2024-10-06-17-04-59/SITE375_ORNT330_VIS6mi.png,SITE375,359,32,46,8.91,14
2024-05-31-15-13-16/SITE492_ORNT290_VIS7mi.png,SITE492,248,32,32,12.9,0
2024-07-28-13-48-26/SITE476_ORNT30_VIS8mi.png,SITE476,359,33,46,9.19,13
2025-04-22-15-39-35/SITE484_ORNT30_VIS8mi.png,SITE484,402,36,52,8.96,16
2024-09-27-16-12-40/SITE480_ORNT140_VIS9mi.png,SITE480,359,45,46,12.53,1
2025-05-12-18-17-27/SITE481_ORNT120_VIS9mi.png,SITE481,402,37,52,9.2,15
2024-07-26-10-22-16/SITE484_ORNT310_VIS15mi.png,SITE484,359,33,46,9.19,13
2024-06-29-10-50-12/SITE481_ORNT310_VIS15mi.png,SITE481,359,33,46,9.19,13
