path,status,lab_lines,your_lines,lines_added,lines_removed,lab_path
VisNetSimilarity/config.py,new in yours,,55,55,0,
bootstrap_ci.py,new in yours,,135,135,0,
compare_with_lab.py,new in yours,,126,126,0,
config.py,modified,74,55,44,63,
config2.py,only in lab,76,,,,
datarange.py,new in yours,,24,24,0,
dataset_audit.py,new in yours,,222,222,0,
dataset_stats.py,new in yours,,56,56,0,
diagnose_refs.py,new in yours,,78,78,0,
dsets/__init__.py,modified,1,1,1,1,
dsets/finetune/__init__.py,only in lab,1,,,,
dsets/finetune/finetune_one.py,only in lab,55,,,,
dsets/finetune/pilots_reg.py,only in lab,70,,,,
dsets/finetune/pilots_testethan.py,only in lab,74,,,,
dsets/img_util.py,modified,23,22,0,1,
dsets/ssf/regression.py,unchanged,50,50,0,0,
dsets/webcams/__init__.py,modified,1,2,2,1,
dsets/webcams/cls_10.py,unchanged,51,51,0,0,
dsets/webcams/cls_10full.py,unchanged,51,51,0,0,
dsets/webcams/cls_10full_dual.py,new in yours,,118,118,0,
dsets/webcams/cls_5.py,unchanged,51,51,0,0,
dsets/webcams/common.py,modified,63,60,1,4,
dsets/webcams/goodbad/goodbad_labeler.py,unchanged,68,68,0,0,
dsets/webcams/goodbad/goodbad_nn.py,unchanged,314,314,0,0,
dsets/webcams/regression.py,unchanged,47,47,0,0,
eval_global_on_persite.py,new in yours,,169,169,0,
get_metrics.py,new in yours,,50,50,0,
inference.py,unchanged,91,91,0,0,
lda_common.py,new in yours,,133,133,0,
losses/__init__.py,modified,2,2,1,1,
losses/orcu.py,unchanged,45,45,0,0,
losses/similarity.py,new in yours,,28,28,0,
losses/soft_ordinal.py,only in lab,26,,,,
main.py,modified,412,232,72,252,
make_fig1_r2dist.py,new in yours,,179,179,0,
make_fig2_logmae.py,new in yours,,154,154,0,
make_fig3_logmae_vs_images.py,new in yours,,92,92,0,
make_fig4_logmae_vs_classes.py,new in yours,,92,92,0,
make_lda_onesite.py,new in yours,,155,155,0,
make_lda_sites.py,new in yours,,167,167,0,
metrics/__init__.py,unchanged,2,2,0,0,
metrics/metrics.py,modified,67,72,19,14,
metrics/multiclass/__init__.py,unchanged,1,1,0,0,
metrics/multiclass/figures.py,modified,94,93,1,2,
metrics/multiclass/met.py,modified,46,42,3,7,
metrics/multiclass/ordinal.py,only in lab,25,,,,
metrics/regression/__init__.py,unchanged,1,1,0,0,
metrics/regression/figures.py,unchanged,0,0,0,0,
metrics/regression/met.py,unchanged,33,33,0,0,
models/__init__.py,unchanged,1,1,0,0,
models/integrated/__init__.py,unchanged,1,1,0,0,
models/integrated/integrated.py,unchanged,150,150,0,0,
models/integrated/transform.py,unchanged,24,24,0,0,
models/resnet50/__init__.py,unchanged,1,1,0,0,
models/resnet50/resnet50.py,unchanged,26,26,0,0,
models/rmep/__init__.py,unchanged,1,1,0,0,
models/rmep/rmep.py,modified,91,81,0,10,
models/visnet/__init__.py,modified,1,1,1,1,
models/visnet/transform.py,unchanged,61,61,0,0,
models/visnet/visnet.py,unchanged,98,98,0,0,
models/visnet/visnet_bit.py,only in lab,240,,,,
models/visnet/visnet_similarity.py,new in yours,,160,160,0,
run_lda.ps1,new in yours,,39,39,0,
run_set.py,modified,52,51,5,6,
runsiteeval.py,new in yours,,136,136,0,
select_references.py,new in yours,,183,183,0,
sitespecificeval.py,new in yours,,274,274,0,
tools/comp_figure.py,unchanged,135,135,0,0,
tools/convert/old_pttotfl.py,modified,94,0,0,94,
tools/convert/pttolrt.py,modified,63,66,10,7,
tools/splitter.py,unchanged,184,184,0,0,
train_test.py,modified,357,178,9,188,
trainpersite.py,new in yours,,744,744,0,
